datenum;oni;soi;Fecha;Dia;Mes;Ano
712238;-1.4;0.5;15/01/1950;15;1;1950
712269;-1.2;2.1;15/02/1950;15;2;1950
712297;-1.1;1.9;15/03/1950;15;3;1950
712328;-1.2;1.2;15/04/1950;15;4;1950
712358;-1.1;0.6;15/05/1950;15;5;1950
712389;-0.9;2;15/06/1950;15;6;1950
712419;-0.6;2;15/07/1950;15;7;1950
712450;-0.6;1.1;15/08/1950;15;8;1950
712481;-0.5;0.7;15/09/1950;15;9;1950
712511;-0.6;1.6;15/10/1950;15;10;1950
712542;-0.7;1;15/11/1950;15;11;1950
712572;-0.8;2.7;15/12/1950;15;12;1950
712603;-0.8;2.5;15/01/1951;15;1;1951
712634;-0.6;1.5;15/02/1951;15;2;1951
712662;-0.2;-0.2;15/03/1951;15;3;1951
712693;0.2;-0.5;15/04/1951;15;4;1951
712723;0.2;-1.1;15/05/1951;15;5;1951
712754;0.4;0.3;15/06/1951;15;6;1951
712784;0.5;-1.7;15/07/1951;15;7;1951
712815;0.7;-0.4;15/08/1951;15;8;1951
712846;0.8;-1.8;15/09/1951;15;9;1951
712876;0.9;-1.6;15/10/1951;15;10;1951
712907;0.7;-1.3;15/11/1951;15;11;1951
712937;0.6;-1.2;15/12/1951;15;12;1951
712968;0.5;-1.5;15/01/1952;15;1;1952
712999;0.4;-1;15/02/1952;15;2;1952
713028;0.4;0.9;15/03/1952;15;3;1952
713059;0.4;-0.4;15/04/1952;15;4;1952
713089;0.4;1.2;15/05/1952;15;5;1952
713120;0.2;1.2;15/06/1952;15;6;1952
713150;0;0.8;15/07/1952;15;7;1952
713181;0.1;0.1;15/08/1952;15;8;1952
713212;0.2;-0.4;15/09/1952;15;9;1952
713242;0.2;0.6;15/10/1952;15;10;1952
713273;0.2;0;15/11/1952;15;11;1952
713303;0.3;-2;15/12/1952;15;12;1952
713334;0.5;0.5;15/01/1953;15;1;1953
713365;0.6;-0.8;15/02/1953;15;2;1953
713393;0.7;-0.3;15/03/1953;15;3;1953
713424;0.7;0.3;15/04/1953;15;4;1953
713454;0.7;-2.8;15/05/1953;15;5;1953
713485;0.7;0.2;15/06/1953;15;6;1953
713515;0.7;0;15/07/1953;15;7;1953
713546;0.7;-2;15/08/1953;15;8;1953
713577;0.8;-2.1;15/09/1953;15;9;1953
713607;0.8;0.1;15/10/1953;15;10;1953
713638;0.8;-0.5;15/11/1953;15;11;1953
713668;0.7;-0.8;15/12/1953;15;12;1953
713699;0.7;1.1;15/01/1954;15;1;1954
713730;0.4;-0.5;15/02/1954;15;2;1954
713758;0;0.4;15/03/1954;15;3;1954
713789;-0.4;1.1;15/04/1954;15;4;1954
713819;-0.5;0.8;15/05/1954;15;5;1954
713850;-0.5;0.2;15/06/1954;15;6;1954
713880;-0.5;0.7;15/07/1954;15;7;1954
713911;-0.7;1.8;15/08/1954;15;8;1954
713942;-0.7;0.3;15/09/1954;15;9;1954
713972;-0.6;0.4;15/10/1954;15;10;1954
714003;-0.5;0.2;15/11/1954;15;11;1954
714033;-0.5;2.3;15/12/1954;15;12;1954
714064;-0.6;-0.9;15/01/1955;15;1;1955
714095;-0.6;3.1;15/02/1955;15;2;1955
714123;-0.7;1.1;15/03/1955;15;3;1955
714154;-0.7;-0.2;15/04/1955;15;4;1955
714184;-0.7;1.7;15/05/1955;15;5;1955
714215;-0.6;2.2;15/06/1955;15;6;1955
714245;-0.6;2.6;15/07/1955;15;7;1955
714276;-0.6;2.4;15/08/1955;15;8;1955
714307;-1;2.2;15/09/1955;15;9;1955
714337;-1.4;2.5;15/10/1955;15;10;1955
714368;-1.6;2;15/11/1955;15;11;1955
714398;-1.4;1.6;15/12/1955;15;12;1955
714429;-0.9;2.2;15/01/1956;15;1;1956
714460;-0.6;2.7;15/02/1956;15;2;1956
714489;-0.6;2.2;15/03/1956;15;3;1956
714520;-0.5;1.5;15/04/1956;15;4;1956
714550;-0.5;2.3;15/05/1956;15;5;1956
714581;-0.4;1.8;15/06/1956;15;6;1956
714611;-0.5;1.8;15/07/1956;15;7;1956
714642;-0.5;2;15/08/1956;15;8;1956
714673;-0.4;0.1;15/09/1956;15;9;1956
714703;-0.4;2.9;15/10/1956;15;10;1956
714734;-0.5;0.2;15/11/1956;15;11;1956
714764;-0.4;1.8;15/12/1956;15;12;1956
714795;-0.3;1;15/01/1957;15;1;1957
714826;0;-0.1;15/02/1957;15;2;1957
714854;0.3;0.3;15/03/1957;15;3;1957
714885;0.6;0.4;15/04/1957;15;4;1957
714915;0.7;-1.1;15/05/1957;15;5;1957
714946;0.9;0.3;15/06/1957;15;6;1957
714976;1;0.4;15/07/1957;15;7;1957
715007;1.2;-0.8;15/08/1957;15;8;1957
715038;1.1;-1.5;15/09/1957;15;9;1957
715068;1.2;0.1;15/10/1957;15;10;1957
715099;1.3;-1.6;15/11/1957;15;11;1957
715129;1.6;-0.5;15/12/1957;15;12;1957
715160;1.7;-3.1;15/01/1958;15;1;1958
715191;1.5;-0.8;15/02/1958;15;2;1958
715219;1.2;0.4;15/03/1958;15;3;1958
715250;0.8;0.6;15/04/1958;15;4;1958
715280;0.7;-0.8;15/05/1958;15;5;1958
715311;0.6;0.5;15/06/1958;15;6;1958
715341;0.5;0.7;15/07/1958;15;7;1958
715372;0.4;1.5;15/08/1958;15;8;1958
715403;0.4;-0.5;15/09/1958;15;9;1958
715433;0.5;0.1;15/10/1958;15;10;1958
715464;0.6;-0.7;15/11/1958;15;11;1958
715494;0.6;-1;15/12/1958;15;12;1958
715525;0.6;-1.5;15/01/1959;15;1;1959
715556;0.5;-2.3;15/02/1959;15;2;1959
715584;0.4;2.1;15/03/1959;15;3;1959
715615;0.2;0.7;15/04/1959;15;4;1959
715645;0.1;0.8;15/05/1959;15;5;1959
715676;-0.2;-0.2;15/06/1959;15;6;1959
715706;-0.3;-0.4;15/07/1959;15;7;1959
715737;-0.3;-0.2;15/08/1959;15;8;1959
715768;-0.1;0;15/09/1959;15;9;1959
715798;-0.1;0.8;15/10/1959;15;10;1959
715829;-0.1;1.5;15/11/1959;15;11;1959
715859;-0.1;1.5;15/12/1959;15;12;1959
715890;-0.1;0.2;15/01/1960;15;1;1960
715921;-0.2;0.2;15/02/1960;15;2;1960
715950;-0.1;1.7;15/03/1960;15;3;1960
715981;0;1.3;15/04/1960;15;4;1960
716011;-0.1;0.9;15/05/1960;15;5;1960
716042;-0.2;0.2;15/06/1960;15;6;1960
716072;0;0.8;15/07/1960;15;7;1960
716103;0.1;1.3;15/08/1960;15;8;1960
716134;0.2;1.1;15/09/1960;15;9;1960
716164;0.1;0.2;15/10/1960;15;10;1960
716195;0;0.9;15/11/1960;15;11;1960
716225;0;1.3;15/12/1960;15;12;1960
716256;0;-0.4;15/01/1961;15;1;1961
716287;0;1.5;15/02/1961;15;2;1961
716315;-0.1;-3;15/03/1961;15;3;1961
716346;0;1.3;15/04/1961;15;4;1961
716376;0.1;0.5;15/05/1961;15;5;1961
716407;0.2;0.2;15/06/1961;15;6;1961
716437;0.1;0.4;15/07/1961;15;7;1961
716468;-0.1;0.2;15/08/1961;15;8;1961
716499;-0.3;0.1;15/09/1961;15;9;1961
716529;-0.3;-0.5;15/10/1961;15;10;1961
716560;-0.2;0.9;15/11/1961;15;11;1961
716590;-0.2;2.5;15/12/1961;15;12;1961
716621;-0.2;3.3;15/01/1962;15;1;1962
716652;-0.2;-0.5;15/02/1962;15;2;1962
716680;-0.2;0.2;15/03/1962;15;3;1962
716711;-0.3;0.3;15/04/1962;15;4;1962
716741;-0.3;1.8;15/05/1962;15;5;1962
716772;-0.2;1.2;15/06/1962;15;6;1962
716802;-0.1;0.1;15/07/1962;15;7;1962
716833;-0.2;1;15/08/1962;15;8;1962
716864;-0.2;0.7;15/09/1962;15;9;1962
716894;-0.3;1.6;15/10/1962;15;10;1962
716925;-0.3;0.5;15/11/1962;15;11;1962
716955;-0.4;0.3;15/12/1962;15;12;1962
716986;-0.4;1.7;15/01/1963;15;1;1963
717017;-0.2;0.9;15/02/1963;15;2;1963
717045;0.1;1.9;15/03/1963;15;3;1963
717076;0.2;1.3;15/04/1963;15;4;1963
717106;0.2;0.6;15/05/1963;15;5;1963
717137;0.4;-0.8;15/06/1963;15;6;1963
717167;0.7;-0.2;15/07/1963;15;7;1963
717198;1;0;15/08/1963;15;8;1963
717229;1.1;-1;15/09/1963;15;9;1963
717259;1.2;-2;15/10/1963;15;10;1963
717290;1.2;-1.4;15/11/1963;15;11;1963
717320;1.1;-2;15/12/1963;15;12;1963
717351;1;-0.6;15/01/1964;15;1;1964
717382;0.6;0.1;15/02/1964;15;2;1964
717411;0.1;1.9;15/03/1964;15;3;1964
717442;-0.3;1.8;15/04/1964;15;4;1964
717472;-0.6;0.4;15/05/1964;15;5;1964
717503;-0.6;1.2;15/06/1964;15;6;1964
717533;-0.7;0.9;15/07/1964;15;7;1964
717564;-0.7;2.5;15/08/1964;15;8;1964
717595;-0.8;2.1;15/09/1964;15;9;1964
717625;-0.8;2.2;15/10/1964;15;10;1964
717656;-0.8;0.3;15/11/1964;15;11;1964
717686;-0.8;-0.5;15/12/1964;15;12;1964
717717;-0.5;-0.7;15/01/1965;15;1;1965
717748;-0.3;0.7;15/02/1965;15;2;1965
717776;-0.1;1.2;15/03/1965;15;3;1965
717807;0.1;-0.9;15/04/1965;15;4;1965
717837;0.4;0.3;15/05/1965;15;5;1965
717868;0.7;-0.9;15/06/1965;15;6;1965
717898;1;-3;15/07/1965;15;7;1965
717929;1.3;-1.1;15/08/1965;15;8;1965
717960;1.6;-2.2;15/09/1965;15;9;1965
717990;1.7;-1.5;15/10/1965;15;10;1965
718021;1.8;-2.4;15/11/1965;15;11;1965
718051;1.5;0.3;15/12/1965;15;12;1965
718082;1.3;-2.2;15/01/1966;15;1;1966
718113;1;-0.4;15/02/1966;15;2;1966
718141;0.9;-1.5;15/03/1966;15;3;1966
718172;0.6;-0.3;15/04/1966;15;4;1966
718202;0.3;-0.7;15/05/1966;15;5;1966
718233;0.2;0.5;15/06/1966;15;6;1966
718263;0.2;0.1;15/07/1966;15;7;1966
718294;0.1;1.1;15/08/1966;15;8;1966
718325;0;-0.4;15/09/1966;15;9;1966
718355;-0.1;-0.2;15/10/1966;15;10;1966
718386;-0.1;0;15/11/1966;15;11;1966
718416;-0.3;-0.6;15/12/1966;15;12;1966
718447;-0.4;2.8;15/01/1967;15;1;1967
718478;-0.5;2.8;15/02/1967;15;2;1967
718506;-0.5;2;15/03/1967;15;3;1967
718537;-0.5;-0.1;15/04/1967;15;4;1967
718567;-0.2;0;15/05/1967;15;5;1967
718598;0;1.1;15/06/1967;15;6;1967
718628;0;0.3;15/07/1967;15;7;1967
718659;-0.2;1.2;15/08/1967;15;8;1967
718690;-0.3;0.8;15/09/1967;15;9;1967
718720;-0.4;0.1;15/10/1967;15;10;1967
718751;-0.4;-0.7;15/11/1967;15;11;1967
718781;-0.5;-0.9;15/12/1967;15;12;1967
718812;-0.7;0.9;15/01/1968;15;1;1968
718843;-0.8;2.1;15/02/1968;15;2;1968
718872;-0.7;0.2;15/03/1968;15;3;1968
718903;-0.5;0;15/04/1968;15;4;1968
718933;-0.1;2.1;15/05/1968;15;5;1968
718964;0.2;1.8;15/06/1968;15;6;1968
718994;0.5;1.1;15/07/1968;15;7;1968
719025;0.4;0.4;15/08/1968;15;8;1968
719056;0.3;-0.4;15/09/1968;15;9;1968
719086;0.4;-0.1;15/10/1968;15;10;1968
719117;0.6;-0.6;15/11/1968;15;11;1968
719147;0.8;0.3;15/12/1968;15;12;1968
719178;0.9;-2.4;15/01/1969;15;1;1969
719209;1;-0.9;15/02/1969;15;2;1969
719237;0.9;0.7;15/03/1969;15;3;1969
719268;0.7;-0.6;15/04/1969;15;4;1969
719298;0.6;-0.4;15/05/1969;15;5;1969
719329;0.5;0.3;15/06/1969;15;6;1969
719359;0.4;-0.8;15/07/1969;15;7;1969
719390;0.5;-0.2;15/08/1969;15;8;1969
719421;0.8;-1.6;15/09/1969;15;9;1969
719451;0.8;-1.5;15/10/1969;15;10;1969
719482;0.8;-0.1;15/11/1969;15;11;1969
719512;0.7;0.7;15/12/1969;15;12;1969
719543;0.6;-1.9;15/01/1970;15;1;1970
719574;0.4;-1.7;15/02/1970;15;2;1970
719602;0.4;1;15/03/1970;15;3;1970
719633;0.3;-0.1;15/04/1970;15;4;1970
719663;0.1;0.6;15/05/1970;15;5;1970
719694;-0.3;1.6;15/06/1970;15;6;1970
719724;-0.6;-0.6;15/07/1970;15;7;1970
719755;-0.8;1;15/08/1970;15;8;1970
719786;-0.8;1.9;15/09/1970;15;9;1970
719816;-0.8;1.7;15/10/1970;15;10;1970
719847;-0.9;2.6;15/11/1970;15;11;1970
719877;-1.2;3.2;15/12/1970;15;12;1970
719908;-1.3;0.6;15/01/1971;15;1;1971
719939;-1.3;3.3;15/02/1971;15;2;1971
719967;-1.1;3.8;15/03/1971;15;3;1971
719998;-0.9;2.8;15/04/1971;15;4;1971
720028;-0.8;1.4;15/05/1971;15;5;1971
720059;-0.7;0.7;15/06/1971;15;6;1971
720089;-0.8;0.4;15/07/1971;15;7;1971
720120;-0.7;2.5;15/08/1971;15;8;1971
720151;-0.8;2.3;15/09/1971;15;9;1971
720181;-0.8;2.8;15/10/1971;15;10;1971
720212;-0.9;0.9;15/11/1971;15;11;1971
720242;-0.8;0.4;15/12/1971;15;12;1971
720273;-0.7;0.8;15/01/1972;15;1;1972
720304;-0.4;1.8;15/02/1972;15;2;1972
720333;0;1.1;15/03/1972;15;3;1972
720364;0.3;-0.2;15/04/1972;15;4;1972
720394;0.6;-2.6;15/05/1972;15;5;1972
720425;0.8;-0.9;15/06/1972;15;6;1972
720455;1.1;-2.4;15/07/1972;15;7;1972
720486;1.3;-0.8;15/08/1972;15;8;1972
720517;1.5;-2.2;15/09/1972;15;9;1972
720547;1.8;-1.5;15/10/1972;15;10;1972
720578;2;-0.6;15/11/1972;15;11;1972
720608;1.9;-2.1;15/12/1972;15;12;1972
720639;1.7;-0.5;15/01/1973;15;1;1973
720670;1.2;-2.3;15/02/1973;15;2;1973
720698;0.6;1.2;15/03/1973;15;3;1973
720729;0;0.1;15/04/1973;15;4;1973
720759;-0.4;0.7;15/05/1973;15;5;1973
720790;-0.8;1.8;15/06/1973;15;6;1973
720820;-1;1;15/07/1973;15;7;1973
720851;-1.2;2.1;15/08/1973;15;8;1973
720882;-1.4;2;15/09/1973;15;9;1973
720912;-1.7;1.3;15/10/1973;15;10;1973
720943;-1.9;4.3;15/11/1973;15;11;1973
720973;-1.9;3;15/12/1973;15;12;1973
721004;-1.7;4;15/01/1974;15;1;1974
721035;-1.5;3.4;15/02/1974;15;2;1974
721063;-1.2;4;15/03/1974;15;3;1974
721094;-1;1.6;15/04/1974;15;4;1974
721124;-0.9;1.6;15/05/1974;15;5;1974
721155;-0.8;0.7;15/06/1974;15;6;1974
721185;-0.6;1.9;15/07/1974;15;7;1974
721216;-0.4;1.3;15/08/1974;15;8;1974
721247;-0.4;1.8;15/09/1974;15;9;1974
721277;-0.6;1.5;15/10/1974;15;10;1974
721308;-0.7;-0.2;15/11/1974;15;11;1974
721338;-0.6;0.3;15/12/1974;15;12;1974
721369;-0.5;-0.8;15/01/1975;15;1;1975
721400;-0.5;1.3;15/02/1975;15;2;1975
721428;-0.6;2.6;15/03/1975;15;3;1975
721459;-0.6;1.9;15/04/1975;15;4;1975
721489;-0.7;1.1;15/05/1975;15;5;1975
721520;-0.8;2.1;15/06/1975;15;6;1975
721550;-1;3.1;15/07/1975;15;7;1975
721581;-1.1;3.3;15/08/1975;15;8;1975
721612;-1.3;3.4;15/09/1975;15;9;1975
721642;-1.4;2.8;15/10/1975;15;10;1975
721673;-1.5;1.9;15/11/1975;15;11;1975
721703;-1.6;3.5;15/12/1975;15;12;1975
721734;-1.5;2.3;15/01/1976;15;1;1976
721765;-1.1;2.8;15/02/1976;15;2;1976
721794;-0.7;2.9;15/03/1976;15;3;1976
721825;-0.4;0.5;15/04/1976;15;4;1976
721855;-0.3;0.6;15/05/1976;15;5;1976
721886;-0.1;0.4;15/06/1976;15;6;1976
721916;0.1;-1.4;15/07/1976;15;7;1976
721947;0.3;-1.3;15/08/1976;15;8;1976
721978;0.5;-1.9;15/09/1976;15;9;1976
722008;0.7;0.7;15/10/1976;15;10;1976
722039;0.8;1.2;15/11/1976;15;11;1976
722069;0.8;-0.6;15/12/1976;15;12;1976
722100;0.7;-0.7;15/01/1977;15;1;1977
722131;0.6;2;15/02/1977;15;2;1977
722159;0.4;-0.9;15/03/1977;15;3;1977
722190;0.3;-0.7;15/04/1977;15;4;1977
722220;0.3;-0.8;15/05/1977;15;5;1977
722251;0.4;-1.5;15/06/1977;15;6;1977
722281;0.4;-1.9;15/07/1977;15;7;1977
722312;0.4;-1.3;15/08/1977;15;8;1977
722343;0.5;-1.3;15/09/1977;15;9;1977
722373;0.6;-1.7;15/10/1977;15;10;1977
722404;0.8;-2.1;15/11/1977;15;11;1977
722434;0.8;-1.7;15/12/1977;15;12;1977
722465;0.7;-0.5;15/01/1978;15;1;1978
722496;0.4;-4.4;15/02/1978;15;2;1978
722524;0.1;-0.3;15/03/1978;15;3;1978
722555;-0.2;-0.5;15/04/1978;15;4;1978
722585;-0.3;2.2;15/05/1978;15;5;1978
722616;-0.3;1.1;15/06/1978;15;6;1978
722646;-0.4;0.9;15/07/1978;15;7;1978
722677;-0.4;0.7;15/08/1978;15;8;1978
722708;-0.4;0.1;15/09/1978;15;9;1978
722738;-0.3;-0.6;15/10/1978;15;10;1978
722769;-0.1;0;15/11/1978;15;11;1978
722799;0;-0.1;15/12/1978;15;12;1978
722830;0;-0.7;15/01/1979;15;1;1979
722861;0.1;1.6;15/02/1979;15;2;1979
722889;0.2;0.2;15/03/1979;15;3;1979
722920;0.3;-0.2;15/04/1979;15;4;1979
722950;0.3;0.8;15/05/1979;15;5;1979
722981;0.1;1.1;15/06/1979;15;6;1979
723011;0.1;2.2;15/07/1979;15;7;1979
723042;0.2;-0.3;15/08/1979;15;8;1979
723073;0.3;0.2;15/09/1979;15;9;1979
723103;0.5;-0.2;15/10/1979;15;10;1979
723134;0.5;-0.7;15/11/1979;15;11;1979
723164;0.6;-1.2;15/12/1979;15;12;1979
723195;0.6;0.7;15/01/1980;15;1;1980
723226;0.5;0.5;15/02/1980;15;2;1980
723255;0.3;-0.7;15/03/1980;15;3;1980
723286;0.4;-1;15/04/1980;15;4;1980
723316;0.5;0;15/05/1980;15;5;1980
723347;0.5;0;15/06/1980;15;6;1980
723377;0.3;-0.1;15/07/1980;15;7;1980
723408;0.2;0.6;15/08/1980;15;8;1980
723439;0;-0.8;15/09/1980;15;9;1980
723469;0.1;0;15/10/1980;15;10;1980
723500;0.1;-0.6;15/11/1980;15;11;1980
723530;0;-0.1;15/12/1980;15;12;1980
723561;-0.2;0.6;15/01/1981;15;1;1981
723592;-0.4;-0.3;15/02/1981;15;2;1981
723620;-0.4;-2.1;15/03/1981;15;3;1981
723651;-0.3;-0.2;15/04/1981;15;4;1981
723681;-0.2;1.3;15/05/1981;15;5;1981
723712;-0.3;2;15/06/1981;15;6;1981
723742;-0.3;1.4;15/07/1981;15;7;1981
723773;-0.3;1.2;15/08/1981;15;8;1981
723804;-0.2;0.5;15/09/1981;15;9;1981
723834;-0.1;-0.6;15/10/1981;15;10;1981
723865;-0.1;0.3;15/11/1981;15;11;1981
723895;0;0.8;15/12/1981;15;12;1981
723926;0;2;15/01/1982;15;1;1982
723957;0.1;0.4;15/02/1982;15;2;1982
723985;0.2;1;15/03/1982;15;3;1982
724016;0.5;0.1;15/04/1982;15;4;1982
724046;0.6;-0.6;15/05/1982;15;5;1982
724077;0.7;-1.7;15/06/1982;15;6;1982
724107;0.8;-2.5;15/07/1982;15;7;1982
724138;1;-2.9;15/08/1982;15;8;1982
724169;1.5;-2.9;15/09/1982;15;9;1982
724199;1.9;-2.8;15/10/1982;15;10;1982
724230;2.1;-4.3;15/11/1982;15;11;1982
724260;2.1;-3.7;15/12/1982;15;12;1982
724291;2.1;-5.8;15/01/1983;15;1;1983
724322;1.8;-6;15/02/1983;15;2;1983
724350;1.5;-4;15/03/1983;15;3;1983
724381;1.2;-1.5;15/04/1983;15;4;1983
724411;1;1;15/05/1983;15;5;1983
724442;0.7;0.1;15/06/1983;15;6;1983
724472;0.3;-1;15/07/1983;15;7;1983
724503;0;0.2;15/08/1983;15;8;1983
724534;-0.3;1.4;15/09/1983;15;9;1983
724564;-0.6;0.7;15/10/1983;15;10;1983
724595;-0.8;-0.2;15/11/1983;15;11;1983
724625;-0.8;0;15/12/1983;15;12;1983
724656;-0.5;0.3;15/01/1984;15;1;1984
724687;-0.3;1.4;15/02/1984;15;2;1984
724716;-0.3;-0.4;15/03/1984;15;3;1984
724747;-0.4;0.6;15/04/1984;15;4;1984
724777;-0.4;0.3;15/05/1984;15;5;1984
724808;-0.4;-0.6;15/06/1984;15;6;1984
724838;-0.3;0.3;15/07/1984;15;7;1984
724869;-0.2;0.7;15/08/1984;15;8;1984
724900;-0.3;0.2;15/09/1984;15;9;1984
724930;-0.6;-0.5;15/10/1984;15;10;1984
724961;-0.9;0.4;15/11/1984;15;11;1984
724991;-1.1;-0.2;15/12/1984;15;12;1984
725022;-0.9;-0.5;15/01/1985;15;1;1985
725053;-0.7;2;15/02/1985;15;2;1985
725081;-0.7;1.3;15/03/1985;15;3;1985
725112;-0.7;1.9;15/04/1985;15;4;1985
725142;-0.7;0.7;15/05/1985;15;5;1985
725173;-0.6;-0.6;15/06/1985;15;6;1985
725203;-0.4;-0.2;15/07/1985;15;7;1985
725234;-0.4;1.6;15/08/1985;15;8;1985
725265;-0.4;0;15/09/1985;15;9;1985
725295;-0.3;-0.6;15/10/1985;15;10;1985
725326;-0.2;-0.3;15/11/1985;15;11;1985
725356;-0.3;0.4;15/12/1985;15;12;1985
725387;-0.4;1.6;15/01/1986;15;1;1986
725418;-0.4;-1.7;15/02/1986;15;2;1986
725446;-0.3;0.8;15/03/1986;15;3;1986
725477;-0.2;0.5;15/04/1986;15;4;1986
725507;-0.1;-0.4;15/05/1986;15;5;1986
725538;0;1.6;15/06/1986;15;6;1986
725568;0.2;0.5;15/07/1986;15;7;1986
725599;0.4;-0.6;15/08/1986;15;8;1986
725630;0.7;-0.8;15/09/1986;15;9;1986
725660;0.9;1.1;15/10/1986;15;10;1986
725691;1;-2;15/11/1986;15;11;1986
725721;1.1;-2.4;15/12/1986;15;12;1986
725752;1.1;-1.1;15/01/1987;15;1;1987
725783;1.2;-2.1;15/02/1987;15;2;1987
725811;1.1;-2.1;15/03/1987;15;3;1987
725842;1;-2.3;15/04/1987;15;4;1987
725872;0.9;-2.1;15/05/1987;15;5;1987
725903;1.1;-1.8;15/06/1987;15;6;1987
725933;1.4;-2.2;15/07/1987;15;7;1987
725964;1.6;-1.5;15/08/1987;15;8;1987
725995;1.6;-1.7;15/09/1987;15;9;1987
726025;1.4;-0.6;15/10/1987;15;10;1987
726056;1.2;0;15/11/1987;15;11;1987
726086;1.1;-0.8;15/12/1987;15;12;1987
726117;0.8;-0.2;15/01/1988;15;1;1988
726148;0.5;-0.6;15/02/1988;15;2;1988
726177;0.1;1.1;15/03/1988;15;3;1988
726208;-0.3;0.2;15/04/1988;15;4;1988
726238;-0.8;1.5;15/05/1988;15;5;1988
726269;-1.2;0.1;15/06/1988;15;6;1988
726299;-1.2;1.7;15/07/1988;15;7;1988
726330;-1.1;2.5;15/08/1988;15;8;1988
726361;-1.2;3;15/09/1988;15;9;1988
726391;-1.4;2.3;15/10/1988;15;10;1988
726422;-1.7;2.8;15/11/1988;15;11;1988
726452;-1.8;2;15/12/1988;15;12;1988
726483;-1.6;2.5;15/01/1989;15;1;1989
726514;-1.4;2;15/02/1989;15;2;1989
726542;-1.1;1.8;15/03/1989;15;3;1989
726573;-0.9;2.7;15/04/1989;15;4;1989
726603;-0.6;2;15/05/1989;15;5;1989
726634;-0.4;1.2;15/06/1989;15;6;1989
726664;-0.3;1.5;15/07/1989;15;7;1989
726695;-0.3;-0.5;15/08/1989;15;8;1989
726726;-0.3;0.8;15/09/1989;15;9;1989
726756;-0.3;1.3;15/10/1989;15;10;1989
726787;-0.2;-0.4;15/11/1989;15;11;1989
726817;-0.1;-0.9;15/12/1989;15;12;1989
726848;0.1;-0.1;15/01/1990;15;1;1990
726879;0.2;-3;15/02/1990;15;2;1990
726907;0.2;-0.7;15/03/1990;15;3;1990
726938;0.2;0.3;15/04/1990;15;4;1990
726968;0.2;2;15/05/1990;15;5;1990
726999;0.3;0.5;15/06/1990;15;6;1990
727029;0.3;0.9;15/07/1990;15;7;1990
727060;0.3;-0.3;15/08/1990;15;8;1990
727091;0.4;-1.2;15/09/1990;15;9;1990
727121;0.3;0.4;15/10/1990;15;10;1990
727152;0.4;-0.8;15/11/1990;15;11;1990
727182;0.4;-0.4;15/12/1990;15;12;1990
727213;0.4;1;15/01/1991;15;1;1991
727244;0.3;0.4;15/02/1991;15;2;1991
727272;0.2;-1.1;15/03/1991;15;3;1991
727303;0.2;-1;15/04/1991;15;4;1991
727333;0.4;-1.7;15/05/1991;15;5;1991
727364;0.6;-0.2;15/06/1991;15;6;1991
727394;0.7;0;15/07/1991;15;7;1991
727425;0.7;-0.7;15/08/1991;15;8;1991
727456;0.7;-2.5;15/09/1991;15;9;1991
727486;0.8;-1.7;15/10/1991;15;10;1991
727517;1.2;-1.1;15/11/1991;15;11;1991
727547;1.4;-2.9;15/12/1991;15;12;1991
727578;1.6;-4.7;15/01/1992;15;1;1992
727609;1.5;-1.5;15/02/1992;15;2;1992
727638;1.4;-3.3;15/03/1992;15;3;1992
727669;1.2;-1.7;15/04/1992;15;4;1992
727699;1;0.4;15/05/1992;15;5;1992
727730;0.8;-1;15/06/1992;15;6;1992
727760;0.5;-1;15/07/1992;15;7;1992
727791;0.2;0.6;15/08/1992;15;8;1992
727822;0;0.1;15/09/1992;15;9;1992
727852;-0.1;-2.3;15/10/1992;15;10;1992
727883;-0.1;-1.1;15/11/1992;15;11;1992
727913;0;-0.9;15/12/1992;15;12;1992
727944;0.2;-1.5;15/01/1993;15;1;1993
727975;0.3;-1.2;15/02/1993;15;2;1993
728003;0.5;-0.8;15/03/1993;15;3;1993
728034;0.7;-1.9;15/04/1993;15;4;1993
728064;0.8;-0.6;15/05/1993;15;5;1993
728095;0.6;-1.4;15/06/1993;15;6;1993
728125;0.3;-1.3;15/07/1993;15;7;1993
728156;0.2;-1.6;15/08/1993;15;8;1993
728187;0.2;-1.2;15/09/1993;15;9;1993
728217;0.2;-1.8;15/10/1993;15;10;1993
728248;0.1;-0.1;15/11/1993;15;11;1993
728278;0.1;0.3;15/12/1993;15;12;1993
728309;0.1;-0.2;15/01/1994;15;1;1994
728340;0.1;0.4;15/02/1994;15;2;1994
728368;0.2;-1.1;15/03/1994;15;3;1994
728399;0.3;-2.1;15/04/1994;15;4;1994
728429;0.4;-1.1;15/05/1994;15;5;1994
728460;0.4;-0.7;15/06/1994;15;6;1994
728490;0.4;-2.2;15/07/1994;15;7;1994
728521;0.4;-2;15/08/1994;15;8;1994
728552;0.4;-2.6;15/09/1994;15;9;1994
728582;0.6;-1.9;15/10/1994;15;10;1994
728613;0.9;-0.9;15/11/1994;15;11;1994
728643;1;-2;15/12/1994;15;12;1994
728674;0.9;-0.7;15/01/1995;15;1;1995
728705;0.7;-0.2;15/02/1995;15;2;1995
728733;0.5;1.2;15/03/1995;15;3;1995
728764;0.3;-1.1;15/04/1995;15;4;1995
728794;0.2;-0.6;15/05/1995;15;5;1995
728825;0;0.2;15/06/1995;15;6;1995
728855;-0.2;0.7;15/07/1995;15;7;1995
728886;-0.5;0.5;15/08/1995;15;8;1995
728917;-0.7;0.4;15/09/1995;15;9;1995
728947;-0.9;0;15/10/1995;15;10;1995
728978;-1;0.1;15/11/1995;15;11;1995
729008;-0.9;-0.8;15/12/1995;15;12;1995
729039;-0.9;1.6;15/01/1996;15;1;1996
729070;-0.7;0.4;15/02/1996;15;2;1996
729099;-0.6;1.9;15/03/1996;15;3;1996
729130;-0.4;1.3;15/04/1996;15;4;1996
729160;-0.2;0.5;15/05/1996;15;5;1996
729191;-0.2;1.9;15/06/1996;15;6;1996
729221;-0.2;1.1;15/07/1996;15;7;1996
729252;-0.3;1.2;15/08/1996;15;8;1996
729283;-0.3;1;15/09/1996;15;9;1996
729313;-0.4;1;15/10/1996;15;10;1996
729344;-0.4;-0.1;15/11/1996;15;11;1996
729374;-0.5;1.5;15/12/1996;15;12;1996
729405;-0.5;0.8;15/01/1997;15;1;1997
729436;-0.4;2.9;15/02/1997;15;2;1997
729464;-0.2;-0.7;15/03/1997;15;3;1997
729495;0.1;-1;15/04/1997;15;4;1997
729525;0.6;-2.2;15/05/1997;15;5;1997
729556;1;-2.3;15/06/1997;15;6;1997
729586;1.4;-1.2;15/07/1997;15;7;1997
729617;1.7;-2.4;15/08/1997;15;8;1997
729648;2;-2.4;15/09/1997;15;9;1997
729678;2.2;-2.4;15/10/1997;15;10;1997
729709;2.3;-2;15/11/1997;15;11;1997
729739;2.3;-1.6;15/12/1997;15;12;1997
729770;2.1;-4.4;15/01/1998;15;1;1998
729801;1.8;-3.4;15/02/1998;15;2;1998
729829;1.4;-4;15/03/1998;15;3;1998
729860;1;-2.4;15/04/1998;15;4;1998
729890;0.5;0.4;15/05/1998;15;5;1998
729921;-0.1;1.6;15/06/1998;15;6;1998
729951;-0.7;2;15/07/1998;15;7;1998
729982;-1;1.9;15/08/1998;15;8;1998
730013;-1.2;1.7;15/09/1998;15;9;1998
730043;-1.2;1.8;15/10/1998;15;10;1998
730074;-1.3;1.7;15/11/1998;15;11;1998
730104;-1.4;2.3;15/12/1998;15;12;1998
730135;-1.4;3;15/01/1999;15;1;1999
730166;-1.2;1.6;15/02/1999;15;2;1999
730194;-1;2.1;15/03/1999;15;3;1999
730225;-0.9;2.3;15/04/1999;15;4;1999
730255;-0.9;0.4;15/05/1999;15;5;1999
730286;-1;0.4;15/06/1999;15;6;1999
730316;-1;0.9;15/07/1999;15;7;1999
730347;-1;0.6;15/08/1999;15;8;1999
730378;-1.1;-0.1;15/09/1999;15;9;1999
730408;-1.2;1.6;15/10/1999;15;10;1999
730439;-1.4;1.7;15/11/1999;15;11;1999
730469;-1.6;2.4;15/12/1999;15;12;1999
730500;-1.6;1.1;15/01/2000;15;1;2000
730531;-1.4;2.7;15/02/2000;15;2;2000
730560;-1.1;2.2;15/03/2000;15;3;2000
730591;-0.9;2;15/04/2000;15;4;2000
730621;-0.7;0.6;15/05/2000;15;5;2000
730652;-0.7;-0.3;15/06/2000;15;6;2000
730682;-0.6;-0.3;15/07/2000;15;7;2000
730713;-0.5;1.2;15/08/2000;15;8;2000
730744;-0.6;1.4;15/09/2000;15;9;2000
730774;-0.7;1.8;15/10/2000;15;10;2000
730805;-0.8;3;15/11/2000;15;11;2000
730835;-0.8;1.3;15/12/2000;15;12;2000
730866;-0.7;1.6;15/01/2001;15;1;2001
730897;-0.6;2.8;15/02/2001;15;2;2001
730925;-0.5;1.5;15/03/2001;15;3;2001
730956;-0.3;0.3;15/04/2001;15;4;2001
730986;-0.2;-0.8;15/05/2001;15;5;2001
731017;-0.1;0.5;15/06/2001;15;6;2001
731047;0;-0.3;15/07/2001;15;7;2001
731078;-0.1;-0.7;15/08/2001;15;8;2001
731109;-0.1;0.3;15/09/2001;15;9;2001
731139;-0.2;-0.1;15/10/2001;15;10;2001
731170;-0.3;1.1;15/11/2001;15;11;2001
731200;-0.3;-1.4;15/12/2001;15;12;2001
731231;-0.2;0.7;15/01/2002;15;1;2002
731262;-0.1;1.8;15/02/2002;15;2;2002
731290;0.1;-0.4;15/03/2002;15;3;2002
731321;0.2;-0.1;15/04/2002;15;4;2002
731351;0.4;-1.4;15/05/2002;15;5;2002
731382;0.7;-0.4;15/06/2002;15;6;2002
731412;0.8;-0.8;15/07/2002;15;7;2002
731443;0.9;-1.6;15/08/2002;15;8;2002
731474;1;-1;15/09/2002;15;9;2002
731504;1.2;-0.6;15/10/2002;15;10;2002
731535;1.3;-0.7;15/11/2002;15;11;2002
731565;1.1;-1.8;15/12/2002;15;12;2002
731596;0.9;-0.3;15/01/2003;15;1;2003
731627;0.6;-1.1;15/02/2003;15;2;2003
731655;0.4;-0.5;15/03/2003;15;3;2003
731686;0;-0.2;15/04/2003;15;4;2003
731716;-0.2;-0.5;15/05/2003;15;5;2003
731747;-0.1;-1;15/06/2003;15;6;2003
731777;0.1;0.5;15/07/2003;15;7;2003
731808;0.2;0.2;15/08/2003;15;8;2003
731839;0.3;-0.2;15/09/2003;15;9;2003
731869;0.4;0;15/10/2003;15;10;2003
731900;0.4;-0.5;15/11/2003;15;11;2003
731930;0.4;1.8;15/12/2003;15;12;2003
731961;0.3;-2.2;15/01/2004;15;1;2004
731992;0.2;2;15/02/2004;15;2;2004
732021;0.1;0.7;15/03/2004;15;3;2004
732052;0.1;-1.5;15/04/2004;15;4;2004
732082;0.2;1.7;15/05/2004;15;5;2004
732113;0.3;-1.4;15/06/2004;15;6;2004
732143;0.5;-0.8;15/07/2004;15;7;2004
732174;0.7;-0.5;15/08/2004;15;8;2004
732205;0.7;-0.6;15/09/2004;15;9;2004
732235;0.7;-0.1;15/10/2004;15;10;2004
732266;0.7;-1.1;15/11/2004;15;11;2004
732296;0.7;-1.3;15/12/2004;15;12;2004
732327;0.6;0.6;15/01/2005;15;1;2005
732358;0.6;-5.2;15/02/2005;15;2;2005
732386;0.5;0.5;15/03/2005;15;3;2005
732417;0.5;-1;15/04/2005;15;4;2005
732447;0.4;-1.3;15/05/2005;15;5;2005
732478;0.2;0.7;15/06/2005;15;6;2005
732508;0.1;0.3;15/07/2005;15;7;2005
732539;0;-0.6;15/08/2005;15;8;2005
732570;0;0.6;15/09/2005;15;9;2005
732600;-0.1;2;15/10/2005;15;10;2005
732631;-0.4;-0.3;15/11/2005;15;11;2005
732661;-0.7;0;15/12/2005;15;12;2005
732692;-0.7;2.7;15/01/2006;15;1;2006
732723;-0.6;0.2;15/02/2006;15;2;2006
732751;-0.4;2.9;15/03/2006;15;3;2006
732782;-0.2;1.8;15/04/2006;15;4;2006
732812;0;-0.8;15/05/2006;15;5;2006
732843;0.1;-0.4;15/06/2006;15;6;2006
732873;0.2;-1;15/07/2006;15;7;2006
732904;0.3;-1.7;15/08/2006;15;8;2006
732935;0.5;-1;15/09/2006;15;9;2006
732965;0.8;-2.1;15/10/2006;15;10;2006
732996;0.9;0.1;15/11/2006;15;11;2006
733026;1;-0.5;15/12/2006;15;12;2006
733057;0.7;-1.3;15/01/2007;15;1;2007
733088;0.3;-0.1;15/02/2007;15;2;2007
733116;0;0.3;15/03/2007;15;3;2007
733147;-0.1;-0.2;15/04/2007;15;4;2007
733177;-0.2;-0.2;15/05/2007;15;5;2007
733208;-0.2;0.9;15/06/2007;15;6;2007
733238;-0.3;-0.5;15/07/2007;15;7;2007
733269;-0.6;0.7;15/08/2007;15;8;2007
733300;-0.8;0.3;15/09/2007;15;9;2007
733330;-1.1;1.2;15/10/2007;15;10;2007
733361;-1.2;1.4;15/11/2007;15;11;2007
733391;-1.3;2.7;15/12/2007;15;12;2007
733422;-1.4;2.9;15/01/2008;15;1;2008
733453;-1.3;4.4;15/02/2008;15;2;2008
733482;-1.1;2.4;15/03/2008;15;3;2008
733513;-0.9;1.1;15/04/2008;15;4;2008
733543;-0.7;-0.1;15/05/2008;15;5;2008
733574;-0.5;1;15/06/2008;15;6;2008
733604;-0.3;0.5;15/07/2008;15;7;2008
733635;-0.2;1.7;15/08/2008;15;8;2008
733666;-0.2;2;15/09/2008;15;9;2008
733696;-0.3;2.1;15/10/2008;15;10;2008
733727;-0.5;2.2;15/11/2008;15;11;2008
733757;-0.7;2.4;15/12/2008;15;12;2008
733788;-0.8;1.8;15/01/2009;15;1;2009
733819;-0.7;3.1;15/02/2009;15;2;2009
733847;-0.4;0.7;15/03/2009;15;3;2009
733878;-0.1;1.3;15/04/2009;15;4;2009
733908;0.2;-0.2;15/05/2009;15;5;2009
733939;0.4;0.2;15/06/2009;15;6;2009
733969;0.5;0.4;15/07/2009;15;7;2009
734000;0.6;-0.3;15/08/2009;15;8;2009
734031;0.7;0.5;15/09/2009;15;9;2009
734061;1;-2;15/10/2009;15;10;2009
734092;1.2;-1;15/11/2009;15;11;2009
734122;1.3;-1.2;15/12/2009;15;12;2009
734153;1.3;-1.8;15/01/2010;15;1;2010
734184;1.1;-2.4;15/02/2010;15;2;2010
734212;0.8;-1.1;15/03/2010;15;3;2010
734243;0.5;2;15/04/2010;15;4;2010
734273;0;1.5;15/05/2010;15;5;2010
734304;-0.4;0.6;15/06/2010;15;6;2010
734334;-0.8;3;15/07/2010;15;7;2010
734365;-1.1;3;15/08/2010;15;8;2010
734396;-1.3;3.7;15/09/2010;15;9;2010
734426;-1.4;2.9;15/10/2010;15;10;2010
734457;-1.3;2.1;15/11/2010;15;11;2010
734487;-1.4;4.8;15/12/2010;15;12;2010
734518;-1.3;3.8;15/01/2011;15;1;2011
734549;-1.1;4.5;15/02/2011;15;2;2011
734577;-0.8;4.2;15/03/2011;15;3;2011
734608;-0.6;3.1;15/04/2011;15;4;2011
734638;-0.3;0.6;15/05/2011;15;5;2011
734669;-0.2;0.4;15/06/2011;15;6;2011
734699;-0.3;1.6;15/07/2011;15;7;2011
734730;-0.5;0.7;15/08/2011;15;8;2011
734761;-0.7;1.7;15/09/2011;15;9;2011
734791;-0.9;1.2;15/10/2011;15;10;2011
734822;-0.9;1.8;15/11/2011;15;11;2011
734852;-0.8;4.1;15/12/2011;15;12;2011
734883;-0.7;1.8;15/01/2012;15;1;2012
734914;-0.6;0.8;15/02/2012;15;2;2012
734943;-0.5;1.2;15/03/2012;15;3;2012
734974;-0.4;-0.4;15/04/2012;15;4;2012
735004;-0.3;0.1;15/05/2012;15;5;2012
735035;-0.1;-0.7;15/06/2012;15;6;2012
735065;0.1;-0.1;15/07/2012;15;7;2012
735096;0.3;-0.3;15/08/2012;15;8;2012
735127;0.4;0.4;15/09/2012;15;9;2012
735157;0.4;0.5;15/10/2012;15;10;2012
735188;0.2;0.4;15/11/2012;15;11;2012
735218;-0.2;-1;15/12/2012;15;12;2012
735249;-0.4;-0.1;15/01/2013;15;1;2013
735280;-0.5;-0.4;15/02/2013;15;2;2013
735308;-0.3;2.5;15/03/2013;15;3;2013
735339;-0.2;0.4;15/04/2013;15;4;2013
735369;-0.2;1.3;15/05/2013;15;5;2013
735400;-0.2;2;15/06/2013;15;6;2013
735430;-0.2;1.3;15/07/2013;15;7;2013
735461;-0.2;0.3;15/08/2013;15;8;2013
735492;-0.2;0.5;15/09/2013;15;9;2013
735522;-0.2;-0.1;15/10/2013;15;10;2013
735553;-0.2;1.2;15/11/2013;15;11;2013
735583;-0.3;0.1;15/12/2013;15;12;2013
735614;-0.5;2.4;15/01/2014;15;1;2014
735645;-0.6;0.1;15/02/2014;15;2;2014
735673;-0.4;-1.5;15/03/2014;15;3;2014
735704;-0.2;1.3;15/04/2014;15;4;2014
735734;0;0.9;15/05/2014;15;5;2014
735765;0;0.3;15/06/2014;15;6;2014
735795;0;-0.3;15/07/2014;15;7;2014
735826;0;-1.2;15/08/2014;15;8;2014
735857;0.2;-1.2;15/09/2014;15;9;2014
735887;0.4;-1;15/10/2014;15;10;2014
735918;0.6;-1.5;15/11/2014;15;11;2014
735948;0.6;-0.9;15/12/2014;15;12;2014
735979;0.5;-1.4;15/01/2015;15;1;2015
736010;0.4;0.4;15/02/2015;15;2;2015
736038;0.5;-1.2;15/03/2015;15;3;2015
736069;0.7;-0.1;15/04/2015;15;4;2015
736099;0.9;-1.2;15/05/2015;15;5;2015
736130;1;-0.9;15/06/2015;15;6;2015
736160;1.2;-1.9;15/07/2015;15;7;2015
736191;1.5;-2.4;15/08/2015;15;8;2015
736222;1.7;-2.7;15/09/2015;15;9;2015
